Release Title,Release Date,Artist
Undiscovery,2017-07-25,Isydia
Interlopers,2018-03-19,Isydia
Corporate Couriers,2019-08-16,Procyon B
Enter the Void,2019-10-04,Isydia
Liminal Spaces,2020-04-28,Procyon B
Data Flow,2020-08-22,Procyon B & Atmolifter
Bereft,2020-11-09,Isydia
Across the Shifting Sea,2021-03-04,Isydia
Titans of Industry,2021-05-24,Procyon B
Departures,2023-05-29,Isydia & Systek
Syaksa,2024-04-08,Isydia
Flood Basalt,2024-08-21,Isydia
Relay Interference,2024-11-16,Procyon B
Manifold Existence,2025-01-01,Isydia
Omicron Velorum,2025-02-12,Triponacci & Procyon B